input,status,error,joint,N,e,D,M,M_abs,reduction_factor,N_red,M_abs_red,txt,out,plot,arch_plot
klenba_1.in,OK,,0,76.748321,0.090672,0.14,1.5865412917119999,1.5865412917119999,0.998023231868727,76.5966073649185,1.5834050674475948,..\klenba_batch_outputs\klenba_1.txt,..\klenba_batch_outputs\klenba_1.out,..\klenba_batch_outputs\klenba_1_interaction.png,..\klenba_batch_outputs\klenba_1_arch.png
klenba_1.in,OK,,1,76.149088,0.080118,0.14,0.7704764723839992,0.7704764723839992,0.998023231868727,75.99855890961611,0.7689534190474948,..\klenba_batch_outputs\klenba_1.txt,..\klenba_batch_outputs\klenba_1.out,..\klenba_batch_outputs\klenba_1_interaction.png,..\klenba_batch_outputs\klenba_1_arch.png
klenba_1.in,OK,,2,75.59436,0.068104,0.14,-0.14332690656000066,0.14332690656000066,0.998023231868727,75.44492747824802,0.1430435824987589,..\klenba_batch_outputs\klenba_1.txt,..\klenba_batch_outputs\klenba_1.out,..\klenba_batch_outputs\klenba_1_interaction.png,..\klenba_batch_outputs\klenba_1_arch.png
klenba_1.in,OK,,3,74.609666,0.055898,0.14,-1.0521455099320003,1.0521455099320003,0.998023231868727,74.46217998996629,1.0500656622185047,..\klenba_batch_outputs\klenba_1.txt,..\klenba_batch_outputs\klenba_1.out,..\klenba_batch_outputs\klenba_1_interaction.png,..\klenba_batch_outputs\klenba_1_arch.png
klenba_1.in,OK,,4,73.524063,0.04664,0.14,-1.7175221116800004,1.7175221116800004,0.998023231868727,73.37872297537989,1.7141269687048746,..\klenba_batch_outputs\klenba_1.txt,..\klenba_batch_outputs\klenba_1.out,..\klenba_batch_outputs\klenba_1_interaction.png,..\klenba_batch_outputs\klenba_1_arch.png
klenba_1.in,OK,,5,72.604892,0.040563,0.14,-2.1372702058040005,2.1372702058040005,0.998023231868727,72.46136896331988,2.133045318173248,..\klenba_batch_outputs\klenba_1.txt,..\klenba_batch_outputs\klenba_1.out,..\klenba_batch_outputs\klenba_1_interaction.png,..\klenba_batch_outputs\klenba_1_arch.png
klenba_1.in,OK,,6,71.848237,0.037815,0.14,-2.3124355078450005,2.3124355078450005,0.998023231868727,71.70620969481024,2.3078643590274686,..\klenba_batch_outputs\klenba_1.txt,..\klenba_batch_outputs\klenba_1.out,..\klenba_batch_outputs\klenba_1_interaction.png,..\klenba_batch_outputs\klenba_1_arch.png
klenba_1.in,OK,,7,71.250348,0.038502,0.14,-2.2442434613040003,2.2442434613040003,0.998023231868727,71.1095025827315,2.239807112350877,..\klenba_batch_outputs\klenba_1.txt,..\klenba_batch_outputs\klenba_1.out,..\klenba_batch_outputs\klenba_1_interaction.png,..\klenba_batch_outputs\klenba_1_arch.png
klenba_1.in,OK,,8,70.808306,0.042685,0.14,-1.9341288783900004,1.9341288783900004,0.998023231868727,70.66833439726977,1.9303055540614242,..\klenba_batch_outputs\klenba_1.txt,..\klenba_batch_outputs\klenba_1.out,..\klenba_batch_outputs\klenba_1_interaction.png,..\klenba_batch_outputs\klenba_1_arch.png
klenba_1.in,OK,,9,70.5193,0.050384,0.14,-1.3833065888000007,1.3833065888000007,0.998023231868727,70.37989969512032,1.380572112419481,..\klenba_batch_outputs\klenba_1.txt,..\klenba_batch_outputs\klenba_1.out,..\klenba_batch_outputs\klenba_1_interaction.png,..\klenba_batch_outputs\klenba_1_arch.png
klenba_1.in,OK,,10,70.380743,0.06157,0.14,-0.5933096634900005,0.5933096634900005,0.998023231868727,70.24161659018228,0.5921368278552371,..\klenba_batch_outputs\klenba_1.txt,..\klenba_batch_outputs\klenba_1.out,..\klenba_batch_outputs\klenba_1_interaction.png,..\klenba_batch_outputs\klenba_1_arch.png
klenba_1.in,OK,,11,70.500394,0.073631,0.14,0.2559869306139997,0.2559869306139997,0.998023231868727,70.36103106789861,0.2554809038075395,..\klenba_batch_outputs\klenba_1.txt,..\klenba_batch_outputs\klenba_1.out,..\klenba_batch_outputs\klenba_1_interaction.png,..\klenba_batch_outputs\klenba_1_arch.png
klenba_1.in,OK,,12,70.623478,0.0836,0.14,0.9604793007999992,0.9604793007999992,0.998023231868727,70.48387175936995,0.9585806559274304,..\klenba_batch_outputs\klenba_1.txt,..\klenba_batch_outputs\klenba_1.out,..\klenba_batch_outputs\klenba_1_interaction.png,..\klenba_batch_outputs\klenba_1_arch.png
klenba_1.in,OK,,13,70.736731,0.091469,0.14,1.5186468778389992,1.5186468778389992,0.998023231868727,70.59690088444877,1.5156448650882297,..\klenba_batch_outputs\klenba_1.txt,..\klenba_batch_outputs\klenba_1.out,..\klenba_batch_outputs\klenba_1_interaction.png,..\klenba_batch_outputs\klenba_1_arch.png
klenba_1.in,OK,,14,70.838991,0.097245,0.14,1.9300083097949992,1.9300083097949992,0.998023231868727,70.69895874013966,1.9261931308751044,..\klenba_batch_outputs\klenba_1.txt,..\klenba_batch_outputs\klenba_1.out,..\klenba_batch_outputs\klenba_1_interaction.png,..\klenba_batch_outputs\klenba_1_arch.png
klenba_1.in,OK,,15,70.932499,0.10095,0.14,2.1953608440499996,2.1953608440499996,0.998023231868727,70.79228189650526,2.191021124696837,..\klenba_batch_outputs\klenba_1.txt,..\klenba_batch_outputs\klenba_1.out,..\klenba_batch_outputs\klenba_1_interaction.png,..\klenba_batch_outputs\klenba_1_arch.png
klenba_1.in,OK,,16,71.018245,0.102622,0.14,2.3167571883899996,2.3167571883899996,0.998023231868727,70.87785839654505,2.3121774966120925,..\klenba_batch_outputs\klenba_1.txt,..\klenba_batch_outputs\klenba_1.out,..\klenba_batch_outputs\klenba_1_interaction.png,..\klenba_batch_outputs\klenba_1_arch.png
klenba_1.in,OK,,17,71.099243,0.102309,0.14,2.2971454420869994,2.2971454420869994,0.998023231868727,70.95869628227996,2.292604518184183,..\klenba_batch_outputs\klenba_1.txt,..\klenba_batch_outputs\klenba_1.out,..\klenba_batch_outputs\klenba_1_interaction.png,..\klenba_batch_outputs\klenba_1_arch.png
klenba_1.in,OK,,18,71.179617,0.100076,0.14,2.140798160891999,2.140798160891999,0.998023231868727,71.03891140151818,2.1365662993120598,..\klenba_batch_outputs\klenba_1.txt,..\klenba_batch_outputs\klenba_1.out,..\klenba_batch_outputs\klenba_1_interaction.png,..\klenba_batch_outputs\klenba_1_arch.png
klenba_1.in,OK,,19,71.263717,0.096,0.14,1.8528566419999997,1.8528566419999997,0.998023231868727,71.12284515531834,1.8491939740382766,..\klenba_batch_outputs\klenba_1.txt,..\klenba_batch_outputs\klenba_1.out,..\klenba_batch_outputs\klenba_1_interaction.png,..\klenba_batch_outputs\klenba_1_arch.png
klenba_1.in,OK,,20,71.357257,0.090172,0.14,1.4394185882039998,1.4394185882039998,0.998023231868727,71.21620024842734,1.4365731914112763,..\klenba_batch_outputs\klenba_1.txt,..\klenba_batch_outputs\klenba_1.out,..\klenba_batch_outputs\klenba_1_interaction.png,..\klenba_batch_outputs\klenba_1_arch.png
klenba_1.in,OK,,21,71.466377,0.0827,0.14,0.9076229878999992,0.9076229878999992,0.998023231868727,71.32510454348885,0.9058288277023077,..\klenba_batch_outputs\klenba_1.txt,..\klenba_batch_outputs\klenba_1.out,..\klenba_batch_outputs\klenba_1_interaction.png,..\klenba_batch_outputs\klenba_1_arch.png
klenba_1.in,OK,,22,71.598276,0.073704,0.14,0.2652000143039999,0.2652000143039999,0.998023231868727,71.45674280974912,0.26467577536731063,..\klenba_batch_outputs\klenba_1.txt,..\klenba_batch_outputs\klenba_1.out,..\klenba_batch_outputs\klenba_1_interaction.png,..\klenba_batch_outputs\klenba_1_arch.png
klenba_1.in,OK,,23,71.760356,0.063322,0.14,-0.47921565736800026,0.47921565736800026,0.998023231868727,71.6185024151704,0.4782683591285081,..\klenba_batch_outputs\klenba_1.txt,..\klenba_batch_outputs\klenba_1.out,..\klenba_batch_outputs\klenba_1_interaction.png,..\klenba_batch_outputs\klenba_1_arch.png
klenba_1.in,OK,,24,71.960876,0.051703,0.14,-1.3166681481720006,1.3166681481720006,0.998023231868727,71.81862603362471,1.3140654005372319,..\klenba_batch_outputs\klenba_1.txt,..\klenba_batch_outputs\klenba_1.out,..\klenba_batch_outputs\klenba_1_interaction.png,..\klenba_batch_outputs\klenba_1_arch.png
klenba_1.in,OK,,25,72.20838,0.039014,0.14,-2.2374488626800004,2.2374488626800004,0.998023231868727,72.06564077560516,2.2330259450729018,..\klenba_batch_outputs\klenba_1.txt,..\klenba_batch_outputs\klenba_1.out,..\klenba_batch_outputs\klenba_1_interaction.png,..\klenba_batch_outputs\klenba_1_arch.png
klenba_2.in,OK,,0,93.286662,0.090902,0.14,1.9498778091239992,1.9498778091239992,0.9987128223547562,93.1665854940742,1.9473679699971378,..\klenba_batch_outputs\klenba_2.txt,..\klenba_batch_outputs\klenba_2.out,..\klenba_batch_outputs\klenba_2_interaction.png,..\klenba_batch_outputs\klenba_2_arch.png
klenba_2.in,OK,,1,92.735094,0.084532,0.14,1.347626386007999,1.347626386007999,0.9987128223547562,92.61572746007363,1.345891751449789,..\klenba_batch_outputs\klenba_2.txt,..\klenba_batch_outputs\klenba_2.out,..\klenba_batch_outputs\klenba_2_interaction.png,..\klenba_batch_outputs\klenba_2_arch.png
klenba_2.in,OK,,2,92.21561,0.076394,0.14,0.5896266103399997,0.5896266103399997,0.9987128223547562,92.09691212826549,0.5888676561481292,..\klenba_batch_outputs\klenba_2.txt,..\klenba_batch_outputs\klenba_2.out,..\klenba_batch_outputs\klenba_2_interaction.png,..\klenba_batch_outputs\klenba_2_arch.png
klenba_2.in,OK,,3,91.299565,0.067453,0.14,-0.2325399920550007,0.2325399920550007,0.9987128223547562,91.18204624091152,0.23224067177560234,..\klenba_batch_outputs\klenba_2.txt,..\klenba_batch_outputs\klenba_2.out,..\klenba_batch_outputs\klenba_2_interaction.png,..\klenba_batch_outputs\klenba_2_arch.png
klenba_2.in,OK,,4,90.2831,0.059982,0.14,-0.9044560958000006,0.9044560958000006,0.9987128223547562,90.1668896119367,0.9032919001323824,..\klenba_batch_outputs\klenba_2.txt,..\klenba_batch_outputs\klenba_2.out,..\klenba_batch_outputs\klenba_2_interaction.png,..\klenba_batch_outputs\klenba_2_arch.png
klenba_2.in,OK,,5,89.406555,0.054063,0.14,-1.4248722670350005,1.4248722670350005,0.9987128223547562,89.29147288106574,1.423038203305545,..\klenba_batch_outputs\klenba_2.txt,..\klenba_batch_outputs\klenba_2.out,..\klenba_batch_outputs\klenba_2_interaction.png,..\klenba_batch_outputs\klenba_2_arch.png
klenba_2.in,OK,,6,88.666009,0.04975,0.14,-1.7954866822500004,1.7954866822500004,0.9987128223547562,88.55188009532222,1.7931755719302753,..\klenba_batch_outputs\klenba_2.txt,..\klenba_batch_outputs\klenba_2.out,..\klenba_batch_outputs\klenba_2_interaction.png,..\klenba_batch_outputs\klenba_2_arch.png
klenba_2.in,OK,,7,88.057384,0.047085,0.14,-2.0178349543600005,2.0178349543600005,0.9987128223547562,87.94403850381656,2.0152376423149567,..\klenba_batch_outputs\klenba_2.txt,..\klenba_batch_outputs\klenba_2.out,..\klenba_batch_outputs\klenba_2_interaction.png,..\klenba_batch_outputs\klenba_2_arch.png
klenba_2.in,OK,,8,87.577383,0.046093,0.14,-2.0937124953810002,2.0937124953810002,0.9987128223547562,87.46465535037345,2.0910175154613784,..\klenba_batch_outputs\klenba_2.txt,..\klenba_batch_outputs\klenba_2.out,..\klenba_batch_outputs\klenba_2_interaction.png,..\klenba_batch_outputs\klenba_2_arch.png
klenba_2.in,OK,,9,87.222928,0.04679,0.14,-2.0244441588800006,2.0244441588800006,0.9987128223547562,87.1106565969257,2.021838339614646,..\klenba_batch_outputs\klenba_2.txt,..\klenba_batch_outputs\klenba_2.out,..\klenba_batch_outputs\klenba_2_interaction.png,..\klenba_batch_outputs\klenba_2_arch.png
klenba_2.in,OK,,10,86.99165,0.049176,0.14,-1.8115141196000009,1.8115141196000009,0.9987128223547562,86.87967629279714,1.8091823791212083,..\klenba_batch_outputs\klenba_2.txt,..\klenba_batch_outputs\klenba_2.out,..\klenba_batch_outputs\klenba_2_interaction.png,..\klenba_batch_outputs\klenba_2_arch.png
klenba_2.in,OK,,11,86.881595,0.05324,0.14,-1.4561355322000005,1.4561355322000005,0.9987128223547562,86.76976295313288,1.4542612270945074,..\klenba_batch_outputs\klenba_2.txt,..\klenba_batch_outputs\klenba_2.out,..\klenba_batch_outputs\klenba_2_interaction.png,..\klenba_batch_outputs\klenba_2_arch.png
klenba_2.in,OK,,12,86.891436,0.058961,0.14,-0.9591945620040007,0.9591945620040007,0.9987128223547562,86.77959128601766,0.9579599082063497,..\klenba_batch_outputs\klenba_2.txt,..\klenba_batch_outputs\klenba_2.out,..\klenba_batch_outputs\klenba_2_interaction.png,..\klenba_batch_outputs\klenba_2_arch.png
klenba_2.in,OK,,13,87.020536,0.066306,0.14,-0.3214538599840003,0.3214538599840003,0.9987128223547562,86.90852511138368,0.32104009176145154,..\klenba_batch_outputs\klenba_2.txt,..\klenba_batch_outputs\klenba_2.out,..\klenba_batch_outputs\klenba_2_interaction.png,..\klenba_batch_outputs\klenba_2_arch.png
klenba_2.in,OK,,14,87.25481,0.07521,0.14,0.45459756009999935,0.45459756009999935,0.9987128223547562,87.14249755912802,0.4540124122830563,..\klenba_batch_outputs\klenba_2.txt,..\klenba_batch_outputs\klenba_2.out,..\klenba_batch_outputs\klenba_2_interaction.png,..\klenba_batch_outputs\klenba_2_arch.png
klenba_2.in,OK,,15,87.436936,0.083297,0.14,1.162648937991999,1.162648937991999,0.9987128223547562,87.32438913061219,1.1611524022697495,..\klenba_batch_outputs\klenba_2.txt,..\klenba_batch_outputs\klenba_2.out,..\klenba_batch_outputs\klenba_2_interaction.png,..\klenba_batch_outputs\klenba_2_arch.png
klenba_2.in,OK,,16,87.599471,0.089049,0.14,1.6686823230789996,1.6686823230789996,0.9987128223547562,87.48671491919362,1.6665344324957188,..\klenba_batch_outputs\klenba_2.txt,..\klenba_batch_outputs\klenba_2.out,..\klenba_batch_outputs\klenba_2_interaction.png,..\klenba_batch_outputs\klenba_2_arch.png
klenba_2.in,OK,,17,87.745122,0.092514,0.14,1.9754936767079991,1.9754936767079991,0.9987128223547562,87.6321784404824,1.9729508654090202,..\klenba_batch_outputs\klenba_2.txt,..\klenba_batch_outputs\klenba_2.out,..\klenba_batch_outputs\klenba_2_interaction.png,..\klenba_batch_outputs\klenba_2_arch.png
klenba_2.in,OK,,18,87.877809,0.093749,0.14,2.0870100859409995,2.0870100859409995,0.9987128223547562,87.76469464874219,2.084323733212978,..\klenba_batch_outputs\klenba_2.txt,..\klenba_batch_outputs\klenba_2.out,..\klenba_batch_outputs\klenba_2_interaction.png,..\klenba_batch_outputs\klenba_2_arch.png
klenba_2.in,OK,,19,88.002012,0.09282,0.14,2.008205913839999,2.008205913839999,0.9987128223547562,87.88873777741712,2.005620996080658,..\klenba_batch_outputs\klenba_2.txt,..\klenba_batch_outputs\klenba_2.out,..\klenba_batch_outputs\klenba_2_interaction.png,..\klenba_batch_outputs\klenba_2_arch.png
klenba_2.in,OK,,20,88.123406,0.089804,0.14,1.745195932423999,1.745195932423999,0.9987128223547562,88.00997552177407,1.7429495552332124,..\klenba_batch_outputs\klenba_2.txt,..\klenba_batch_outputs\klenba_2.out,..\klenba_batch_outputs\klenba_2_interaction.png,..\klenba_batch_outputs\klenba_2_arch.png
klenba_2.in,OK,,21,88.248137,0.084786,0.14,1.3048369536819995,1.3048369536819995,0.9987128223547562,88.13454597081919,1.303157396724532,..\klenba_batch_outputs\klenba_2.txt,..\klenba_batch_outputs\klenba_2.out,..\klenba_batch_outputs\klenba_2_interaction.png,..\klenba_batch_outputs\klenba_2_arch.png
klenba_2.in,OK,,22,88.383274,0.077865,0.14,0.6951344500099997,0.6951344500099997,0.9987128223547562,88.26950902549375,0.694239688485508,..\klenba_batch_outputs\klenba_2.txt,..\klenba_batch_outputs\klenba_2.out,..\klenba_batch_outputs\klenba_2_interaction.png,..\klenba_batch_outputs\klenba_2_arch.png
klenba_2.in,OK,,23,88.536444,0.069146,0.14,-0.07561012317600067,0.07561012317600067,0.9987128223547562,88.42248186849382,0.0755127995156944,..\klenba_batch_outputs\klenba_2.txt,..\klenba_batch_outputs\klenba_2.out,..\klenba_batch_outputs\klenba_2_interaction.png,..\klenba_batch_outputs\klenba_2_arch.png
klenba_2.in,OK,,24,88.71576,0.05875,0.14,-0.9980523000000009,0.9980523000000009,0.9987128223547562,88.60156705694719,0.9967676293906568,..\klenba_batch_outputs\klenba_2.txt,..\klenba_batch_outputs\klenba_2.out,..\klenba_batch_outputs\klenba_2_interaction.png,..\klenba_batch_outputs\klenba_2_arch.png
klenba_2.in,OK,,25,88.929858,0.046805,0.14,-2.0627280563100006,2.0627280563100006,0.9987128223547562,88.8153894747877,2.060072958867701,..\klenba_batch_outputs\klenba_2.txt,..\klenba_batch_outputs\klenba_2.out,..\klenba_batch_outputs\klenba_2_interaction.png,..\klenba_batch_outputs\klenba_2_arch.png
klenba_3.in,OK,,0,93.700908,0.081598,0.14,1.0867431309839997,1.0867431309839997,0.9988734363018548,93.59534795856395,1.0855188456234244,..\klenba_batch_outputs\klenba_3.txt,..\klenba_batch_outputs\klenba_3.out,..\klenba_batch_outputs\klenba_3_interaction.png,..\klenba_batch_outputs\klenba_3_arch.png
klenba_3.in,OK,,1,93.196218,0.077909,0.14,0.7370888881619999,0.7370888881619999,0.9988734363018548,93.09122652399677,0.7362585105782904,..\klenba_batch_outputs\klenba_3.txt,..\klenba_batch_outputs\klenba_3.out,..\klenba_batch_outputs\klenba_3_interaction.png,..\klenba_batch_outputs\klenba_3_arch.png
klenba_3.in,OK,,2,92.72385,0.072498,0.14,0.2316241773,0.2316241773,0.9988734363018548,92.61939067663774,0.23136323791024108,..\klenba_batch_outputs\klenba_3.txt,..\klenba_batch_outputs\klenba_3.out,..\klenba_batch_outputs\klenba_3_interaction.png,..\klenba_batch_outputs\klenba_3_arch.png
klenba_3.in,OK,,3,91.934733,0.066118,0.14,-0.3568906335060009,0.3568906335060009,0.9988734363018548,91.83116266720351,0.356488573474085,..\klenba_batch_outputs\klenba_3.txt,..\klenba_batch_outputs\klenba_3.out,..\klenba_batch_outputs\klenba_3_interaction.png,..\klenba_batch_outputs\klenba_3_arch.png
klenba_3.in,OK,,4,91.067228,0.060597,0.14,-0.8563051448840008,0.8563051448840008,0.9988734363018548,90.96463496684449,0.8553404625932395,..\klenba_batch_outputs\klenba_3.txt,..\klenba_batch_outputs\klenba_3.out,..\klenba_batch_outputs\klenba_3_interaction.png,..\klenba_batch_outputs\klenba_3_arch.png
klenba_3.in,OK,,5,90.315351,0.055971,0.14,-1.2670340591790008,1.2670340591790008,0.9988734363018548,90.21360500417816,1.2656066646036161,..\klenba_batch_outputs\klenba_3.txt,..\klenba_batch_outputs\klenba_3.out,..\klenba_batch_outputs\klenba_3_interaction.png,..\klenba_batch_outputs\klenba_3_arch.png
klenba_3.in,OK,,6,89.674039,0.052248,0.14,-1.5918935403280001,1.5918935403280001,0.9988734363018548,89.57301548299654,1.5901001708541547,..\klenba_batch_outputs\klenba_3.txt,..\klenba_batch_outputs\klenba_3.out,..\klenba_batch_outputs\klenba_3_interaction.png,..\klenba_batch_outputs\klenba_3_arch.png
klenba_3.in,OK,,7,89.139254,0.049432,0.14,-1.8334161762720007,1.8334161762720007,0.9988734363018548,89.03883295236385,1.8313507161642204,..\klenba_batch_outputs\klenba_3.txt,..\klenba_batch_outputs\klenba_3.out,..\klenba_batch_outputs\klenba_3_interaction.png,..\klenba_batch_outputs\klenba_3_arch.png
klenba_3.in,OK,,8,88.707119,0.047522,0.14,-1.9939586208820006,1.9939586208820006,0.9988734363018548,88.60718477996755,1.9917122994841112,..\klenba_batch_outputs\klenba_3.txt,..\klenba_batch_outputs\klenba_3.out,..\klenba_batch_outputs\klenba_3_interaction.png,..\klenba_batch_outputs\klenba_3_arch.png
klenba_3.in,OK,,9,88.374509,0.046513,0.14,-2.0756520928830007,2.0756520928830007,0.9988734363018548,88.27494948631919,2.0733137385851794,..\klenba_batch_outputs\klenba_3.txt,..\klenba_batch_outputs\klenba_3.out,..\klenba_batch_outputs\klenba_3_interaction.png,..\klenba_batch_outputs\klenba_3_arch.png
klenba_3.in,OK,,10,88.138454,0.046397,0.14,-2.0803319297620004,2.0803319297620004,0.9988734363018548,88.03916041731296,2.077988303329838,..\klenba_batch_outputs\klenba_3.txt,..\klenba_batch_outputs\klenba_3.out,..\klenba_batch_outputs\klenba_3_interaction.png,..\klenba_batch_outputs\klenba_3_arch.png
klenba_3.in,OK,,11,87.99716,0.047166,0.14,-2.0093271514400004,2.0093271514400004,0.9988734363018548,87.89802559400411,2.0070635164134907,..\klenba_batch_outputs\klenba_3.txt,..\klenba_batch_outputs\klenba_3.out,..\klenba_batch_outputs\klenba_3_interaction.png,..\klenba_batch_outputs\klenba_3_arch.png
klenba_3.in,OK,,12,87.949036,0.048808,0.14,-1.863815970912001,1.863815970912001,0.9988734363018548,87.84995580875554,1.8617162634991482,..\klenba_batch_outputs\klenba_3.txt,..\klenba_batch_outputs\klenba_3.out,..\klenba_batch_outputs\klenba_3_interaction.png,..\klenba_batch_outputs\klenba_3_arch.png
klenba_3.in,OK,,13,87.993435,0.051314,0.14,-1.6442453264100008,1.6442453264100008,0.9988734363018548,87.8943047904539,1.6423929793144223,..\klenba_batch_outputs\klenba_3.txt,..\klenba_batch_outputs\klenba_3.out,..\klenba_batch_outputs\klenba_3_interaction.png,..\klenba_batch_outputs\klenba_3_arch.png
klenba_3.in,OK,,14,88.130426,0.054672,0.14,-1.3508631697280007,1.3508631697280007,0.9988734363018548,88.03114146136633,1.3493413363198237,..\klenba_batch_outputs\klenba_3.txt,..\klenba_batch_outputs\klenba_3.out,..\klenba_batch_outputs\klenba_3_interaction.png,..\klenba_batch_outputs\klenba_3_arch.png
klenba_3.in,OK,,15,88.360534,0.058872,0.14,-0.9832760223520005,0.9832760223520005,0.9988734363018548,88.26099023004687,0.9821682992799621,..\klenba_batch_outputs\klenba_3.txt,..\klenba_batch_outputs\klenba_3.out,..\klenba_batch_outputs\klenba_3_interaction.png,..\klenba_batch_outputs\klenba_3_arch.png
klenba_3.in,OK,,16,88.68518,0.063901,0.14,-0.5408909128200007,0.5408909128200007,0.9988734363018548,88.58527049564853,0.5402815647529611,..\klenba_batch_outputs\klenba_3.txt,..\klenba_batch_outputs\klenba_3.out,..\klenba_batch_outputs\klenba_3_interaction.png,..\klenba_batch_outputs\klenba_3_arch.png
klenba_3.in,OK,,17,89.106259,0.069748,0.14,-0.022454777268000197,0.022454777268000197,0.9988734363018548,89.00587512333307,0.022429480531080133,..\klenba_batch_outputs\klenba_3.txt,..\klenba_batch_outputs\klenba_3.out,..\klenba_batch_outputs\klenba_3_interaction.png,..\klenba_batch_outputs\klenba_3_arch.png
klenba_3.in,OK,,18,89.52833,0.076325,0.14,0.5662666872499997,0.5662666872499997,0.9988734363018548,89.42747063346643,0.5656287517566749,..\klenba_batch_outputs\klenba_3.txt,..\klenba_batch_outputs\klenba_3.out,..\klenba_batch_outputs\klenba_3_interaction.png,..\klenba_batch_outputs\klenba_3_arch.png
klenba_3.in,OK,,19,89.766529,0.08158,0.14,1.0394964058199994,1.0394964058199994,0.9988734363018548,89.6654012871201,1.0383253469048501,..\klenba_batch_outputs\klenba_3.txt,..\klenba_batch_outputs\klenba_3.out,..\klenba_batch_outputs\klenba_3_interaction.png,..\klenba_batch_outputs\klenba_3_arch.png
klenba_3.in,OK,,20,90.001385,0.084714,0.14,1.3242803788899993,1.3242803788899993,0.9988734363018548,89.8999927068762,1.3227884926889757,..\klenba_batch_outputs\klenba_3.txt,..\klenba_batch_outputs\klenba_3.out,..\klenba_batch_outputs\klenba_3_interaction.png,..\klenba_batch_outputs\klenba_3_arch.png
klenba_3.in,OK,,21,90.239017,0.085814,0.14,1.4270398148379997,1.4270398148379997,0.9988734363018548,90.1373569992915,1.4254321635867953,..\klenba_batch_outputs\klenba_3.txt,..\klenba_batch_outputs\klenba_3.out,..\klenba_batch_outputs\klenba_3_interaction.png,..\klenba_batch_outputs\klenba_3_arch.png
klenba_3.in,OK,,22,90.486385,0.084979,0.14,1.3553955609149992,1.3553955609149992,0.9988734363018548,90.3844463234826,1.3538686214794453,..\klenba_batch_outputs\klenba_3.txt,..\klenba_batch_outputs\klenba_3.out,..\klenba_batch_outputs\klenba_3_interaction.png,..\klenba_batch_outputs\klenba_3_arch.png
klenba_3.in,OK,,23,90.750991,0.082312,0.14,1.117326201191999,1.117326201191999,0.9988734363018548,90.6487542279687,1.1160674620547497,..\klenba_batch_outputs\klenba_3.txt,..\klenba_batch_outputs\klenba_3.out,..\klenba_batch_outputs\klenba_3_interaction.png,..\klenba_batch_outputs\klenba_3_arch.png
klenba_3.in,OK,,24,91.040898,0.077926,0.14,0.7215901575479989,0.7215901575479989,0.9988734363018548,90.93833462926665,0.7207772402715664,..\klenba_batch_outputs\klenba_3.txt,..\klenba_batch_outputs\klenba_3.out,..\klenba_batch_outputs\klenba_3_interaction.png,..\klenba_batch_outputs\klenba_3_arch.png
klenba_3.in,OK,,25,91.364621,0.071943,0.14,0.17752145860299876,0.17752145860299876,0.9988734363018548,91.26169293468661,0.17732146937209484,..\klenba_batch_outputs\klenba_3.txt,..\klenba_batch_outputs\klenba_3.out,..\klenba_batch_outputs\klenba_3_interaction.png,..\klenba_batch_outputs\klenba_3_arch.png
klenba_4.in,OK,,0,103.260497,0.085652,0.14,1.616233299044,1.616233299044,0.9988155997999403,103.13819524669493,1.6143190320012692,..\klenba_batch_outputs\klenba_4.txt,..\klenba_batch_outputs\klenba_4.out,..\klenba_batch_outputs\klenba_4_interaction.png,..\klenba_batch_outputs\klenba_4_arch.png
klenba_4.in,OK,,1,102.187778,0.077957,0.14,0.8131081495459991,0.8131081495459991,0.9988155997999403,102.06674677529314,0.8121451040910066,..\klenba_batch_outputs\klenba_4.txt,..\klenba_batch_outputs\klenba_4.out,..\klenba_batch_outputs\klenba_4_interaction.png,..\klenba_batch_outputs\klenba_4_arch.png
klenba_4.in,OK,,2,100.976634,0.071177,0.14,0.11884949821799976,0.11884949821799976,0.9988155997999403,100.85703725448904,0.11870873284853335,..\klenba_batch_outputs\klenba_4.txt,..\klenba_batch_outputs\klenba_4.out,..\klenba_batch_outputs\klenba_4_interaction.png,..\klenba_batch_outputs\klenba_4_arch.png
klenba_4.in,OK,,3,99.901801,0.065316,0.14,-0.4679400358840008,0.4679400358840008,0.9988155997999403,99.78347728690927,0.4673858076118838,..\klenba_batch_outputs\klenba_4.txt,..\klenba_batch_outputs\klenba_4.out,..\klenba_batch_outputs\klenba_4_interaction.png,..\klenba_batch_outputs\klenba_4_arch.png
klenba_4.in,OK,,4,98.958396,0.060409,0.14,-0.9491099760360009,0.9491099760360009,0.9988155997999403,98.84118965598,0.9479858499905052,..\klenba_batch_outputs\klenba_4.txt,..\klenba_batch_outputs\klenba_4.out,..\klenba_batch_outputs\klenba_4_interaction.png,..\klenba_batch_outputs\klenba_4_arch.png
klenba_4.in,OK,,5,98.141975,0.056484,0.14,-1.3264869341000007,1.3264869341000007,0.9988155997999403,98.02573562517574,1.3249158427098762,..\klenba_batch_outputs\klenba_4.txt,..\klenba_batch_outputs\klenba_4.out,..\klenba_batch_outputs\klenba_4_interaction.png,..\klenba_batch_outputs\klenba_4_arch.png
klenba_4.in,OK,,6,97.447723,0.053558,0.14,-1.6022354615660004,1.6022354615660004,0.9988155997999403,97.33230589738343,1.6003377735647788,..\klenba_batch_outputs\klenba_4.txt,..\klenba_batch_outputs\klenba_4.out,..\klenba_batch_outputs\klenba_4_interaction.png,..\klenba_batch_outputs\klenba_4_arch.png
klenba_4.in,OK,,7,96.872049,0.051642,0.14,-1.7783770755420008,1.7783770755420008,0.9988155997999403,96.75731372578421,1.7762707653779473,..\klenba_batch_outputs\klenba_4.txt,..\klenba_batch_outputs\klenba_4.out,..\klenba_batch_outputs\klenba_4_interaction.png,..\klenba_batch_outputs\klenba_4_arch.png
klenba_4.in,OK,,8,96.411252,0.050743,0.14,-1.8565914797640004,1.8565914797640004,0.9988155997999403,96.2970624938432,1.8543925324439388,..\klenba_batch_outputs\klenba_4.txt,..\klenba_batch_outputs\klenba_4.out,..\klenba_batch_outputs\klenba_4_interaction.png,..\klenba_batch_outputs\klenba_4_arch.png
klenba_4.in,OK,,9,96.062112,0.050858,0.14,-1.8388209479040005,1.8388209479040005,0.9988155997999403,95.94833601532903,1.836643048005429,..\klenba_batch_outputs\klenba_4.txt,..\klenba_batch_outputs\klenba_4.out,..\klenba_batch_outputs\klenba_4_interaction.png,..\klenba_batch_outputs\klenba_4_arch.png
klenba_4.in,OK,,10,95.822484,0.051983,0.14,-1.7264336942280005,1.7264336942280005,0.9988155997999403,95.70899183078018,1.7243889058151671,..\klenba_batch_outputs\klenba_4.txt,..\klenba_batch_outputs\klenba_4.out,..\klenba_batch_outputs\klenba_4_interaction.png,..\klenba_batch_outputs\klenba_4_arch.png
klenba_4.in,OK,,11,95.690039,0.054109,0.14,-1.520610409749001,1.520610409749001,0.9988155997999403,95.57670369866467,1.5188093984754814,..\klenba_batch_outputs\klenba_4.txt,..\klenba_batch_outputs\klenba_4.out,..\klenba_batch_outputs\klenba_4_interaction.png,..\klenba_batch_outputs\klenba_4_arch.png
klenba_4.in,OK,,12,95.66372,0.057221,0.14,-1.2224866778800005,1.2224866778800005,0.9988155997999403,95.55041587089354,1.2210387644141492,..\klenba_batch_outputs\klenba_4.txt,..\klenba_batch_outputs\klenba_4.out,..\klenba_batch_outputs\klenba_4_interaction.png,..\klenba_batch_outputs\klenba_4_arch.png
klenba_4.in,OK,,13,95.742601,0.061305,0.14,-0.8324819156950007,0.8324819156950007,0.9988155997999403,95.62920344422136,0.8314959239475055,..\klenba_batch_outputs\klenba_4.txt,..\klenba_batch_outputs\klenba_4.out,..\klenba_batch_outputs\klenba_4_interaction.png,..\klenba_batch_outputs\klenba_4_arch.png
klenba_4.in,OK,,14,95.926802,0.066342,0.14,-0.3509002417160008,0.3509002417160008,0.9988155997999403,95.8131862765201,0.35048463539951136,..\klenba_batch_outputs\klenba_4.txt,..\klenba_batch_outputs\klenba_4.out,..\klenba_batch_outputs\klenba_4_interaction.png,..\klenba_batch_outputs\klenba_4_arch.png
klenba_4.in,OK,,15,96.216882,0.072309,0.14,0.22216478053799918,0.22216478053799918,0.9988155997999403,96.10292270571007,0.22190164852748376,..\klenba_batch_outputs\klenba_4.txt,..\klenba_batch_outputs\klenba_4.out,..\klenba_batch_outputs\klenba_4_interaction.png,..\klenba_batch_outputs\klenba_4_arch.png
klenba_4.in,OK,,16,96.561387,0.079139,0.14,0.8824745157929994,0.8824745157929994,0.9988155997999403,96.44701967391916,0.8814293127999465,..\klenba_batch_outputs\klenba_4.txt,..\klenba_batch_outputs\klenba_4.out,..\klenba_batch_outputs\klenba_4_interaction.png,..\klenba_batch_outputs\klenba_4_arch.png
klenba_4.in,OK,,17,96.755836,0.084702,0.14,1.4225043008719993,1.4225043008719993,0.9988155997999403,96.64123836848465,1.4208194864934607,..\klenba_batch_outputs\klenba_4.txt,..\klenba_batch_outputs\klenba_4.out,..\klenba_batch_outputs\klenba_4_interaction.png,..\klenba_batch_outputs\klenba_4_arch.png
klenba_4.in,OK,,18,96.931699,0.087934,0.14,1.738373089865999,1.738373089865999,0.9988155997999403,96.81689307631227,1.7363141604305834,..\klenba_batch_outputs\klenba_4.txt,..\klenba_batch_outputs\klenba_4.out,..\klenba_batch_outputs\klenba_4_interaction.png,..\klenba_batch_outputs\klenba_4_arch.png
klenba_4.in,OK,,19,97.093723,0.088898,0.14,1.8348771772539998,1.8348771772539998,0.9988155997999403,96.97872517505425,1.832703948358175,..\klenba_batch_outputs\klenba_4.txt,..\klenba_batch_outputs\klenba_4.out,..\klenba_batch_outputs\klenba_4_interaction.png,..\klenba_batch_outputs\klenba_4_arch.png
klenba_4.in,OK,,20,97.247245,0.087666,0.14,1.7179698301699988,1.7179698301699988,0.9988155997999403,97.13206534356675,1.7159350663594488,..\klenba_batch_outputs\klenba_4.txt,..\klenba_batch_outputs\klenba_4.out,..\klenba_batch_outputs\klenba_4_interaction.png,..\klenba_batch_outputs\klenba_4_arch.png
klenba_4.in,OK,,21,97.398627,0.084318,0.14,1.3945535413859997,1.3945535413859997,0.9988155997999403,97.28326804669567,1.392901831892588,..\klenba_batch_outputs\klenba_4.txt,..\klenba_batch_outputs\klenba_4.out,..\klenba_batch_outputs\klenba_4_interaction.png,..\klenba_batch_outputs\klenba_4_arch.png
klenba_4.in,OK,,22,97.554728,0.07894,0.14,0.872139268319999,0.872139268319999,0.9988155997999403,97.43918416064002,0.8711063063961209,..\klenba_batch_outputs\klenba_4.txt,..\klenba_batch_outputs\klenba_4.out,..\klenba_batch_outputs\klenba_4_interaction.png,..\klenba_batch_outputs\klenba_4_arch.png
klenba_4.in,OK,,23,97.723246,0.07163,0.14,0.1592888909799993,0.1592888909799993,0.9988155997999403,97.60750256788712,0.15910022918565528,..\klenba_batch_outputs\klenba_4.txt,..\klenba_batch_outputs\klenba_4.out,..\klenba_batch_outputs\klenba_4_interaction.png,..\klenba_batch_outputs\klenba_4_arch.png
klenba_4.in,OK,,24,97.91226,0.062494,0.14,-0.7349294235600006,0.7349294235600006,0.9988155997999403,97.7962926996677,0.7340589730037064,..\klenba_batch_outputs\klenba_4.txt,..\klenba_batch_outputs\klenba_4.out,..\klenba_batch_outputs\klenba_4_interaction.png,..\klenba_batch_outputs\klenba_4_arch.png
klenba_4.in,OK,,25,98.130351,0.051648,0.14,-1.8008882015520007,1.8008882015520007,0.9988155997999403,98.01412539264368,1.7987552292057973,..\klenba_batch_outputs\klenba_4.txt,..\klenba_batch_outputs\klenba_4.out,..\klenba_batch_outputs\klenba_4_interaction.png,..\klenba_batch_outputs\klenba_4_arch.png
klenba_5.in,OK,,0,168.958412,0.081352,0.14,1.9180158930239979,1.9180158930239979,0.5617597450958552,94.91403445692049,1.0774641191549603,..\klenba_batch_outputs\klenba_5.txt,..\klenba_batch_outputs\klenba_5.out,..\klenba_batch_outputs\klenba_5_interaction.png,..\klenba_batch_outputs\klenba_5_arch.png
klenba_5.in,OK,,1,167.420714,0.075036,0.14,0.8431307157039998,0.8431307157039998,0.5617597450958552,94.05021762040609,0.47363689593636493,..\klenba_batch_outputs\klenba_5.txt,..\klenba_batch_outputs\klenba_5.out,..\klenba_batch_outputs\klenba_5_interaction.png,..\klenba_batch_outputs\klenba_5_arch.png
klenba_5.in,OK,,2,165.596713,0.069245,0.14,-0.12502551831500094,0.12502551831500094,0.5617597450958552,93.0255672835915,0.07023430329911211,..\klenba_batch_outputs\klenba_5.txt,..\klenba_batch_outputs\klenba_5.out,..\klenba_batch_outputs\klenba_5_interaction.png,..\klenba_batch_outputs\klenba_5_arch.png
klenba_5.in,OK,,3,163.963471,0.064009,0.14,-0.9823051547610017,0.9823051547610017,0.5617597450958552,92.10807767399166,0.5518194933448849,..\klenba_batch_outputs\klenba_5.txt,..\klenba_batch_outputs\klenba_5.out,..\klenba_batch_outputs\klenba_5_interaction.png,..\klenba_batch_outputs\klenba_5_arch.png
klenba_5.in,OK,,4,162.518619,0.059383,0.14,-1.7254601779230014,1.7254601779230014,0.5617597450958552,91.29641798277042,0.9692940697230743,..\klenba_batch_outputs\klenba_5.txt,..\klenba_batch_outputs\klenba_5.out,..\klenba_batch_outputs\klenba_5_interaction.png,..\klenba_batch_outputs\klenba_5_arch.png
klenba_5.in,OK,,5,161.258807,0.055414,0.14,-2.352120958902001,2.352120958902001,0.5617597450958552,90.58870631478172,1.3213268703074068,..\klenba_batch_outputs\klenba_5.txt,..\klenba_batch_outputs\klenba_5.out,..\klenba_batch_outputs\klenba_5_interaction.png,..\klenba_batch_outputs\klenba_5_arch.png
klenba_5.in,OK,,6,160.181285,0.052146,0.14,-2.8598766623900014,2.8598766623900014,0.5617597450958552,89.98339783072655,1.6065635848697923,..\klenba_batch_outputs\klenba_5.txt,..\klenba_batch_outputs\klenba_5.out,..\klenba_batch_outputs\klenba_5_interaction.png,..\klenba_batch_outputs\klenba_5_arch.png
klenba_5.in,OK,,7,159.283269,0.049613,0.14,-3.2473080051030014,3.2473080051030014,0.5617597450958552,89.47892859147454,1.8242069171943922,..\klenba_batch_outputs\klenba_5.txt,..\klenba_batch_outputs\klenba_5.out,..\klenba_batch_outputs\klenba_5_interaction.png,..\klenba_batch_outputs\klenba_5_arch.png
klenba_5.in,OK,,8,158.562969,0.047842,0.14,-3.513438267102001,3.513438267102001,0.5617597450958552,89.07429304708201,1.9737081853372433,..\klenba_batch_outputs\klenba_5.txt,..\klenba_batch_outputs\klenba_5.out,..\klenba_batch_outputs\klenba_5_interaction.png,..\klenba_batch_outputs\klenba_5_arch.png
klenba_5.in,OK,,9,158.017535,0.046855,0.14,-3.657315847575001,3.657315847575001,0.5617597450958552,88.7678901822754,2.0545328182687643,..\klenba_batch_outputs\klenba_5.txt,..\klenba_batch_outputs\klenba_5.out,..\klenba_batch_outputs\klenba_5_interaction.png,..\klenba_batch_outputs\klenba_5_arch.png
klenba_5.in,OK,,10,157.645959,0.046667,0.14,-3.678353161347001,3.678353161347001,0.5617597450958552,88.55915374323165,2.0663507342908245,..\klenba_batch_outputs\klenba_5.txt,..\klenba_batch_outputs\klenba_5.out,..\klenba_batch_outputs\klenba_5_interaction.png,..\klenba_batch_outputs\klenba_5_arch.png
klenba_5.in,OK,,11,157.44656,0.047284,0.14,-3.5765560569600012,3.5765560569600012,0.5617597450958552,88.44713941181928,2.0091652188788873,..\klenba_batch_outputs\klenba_5.txt,..\klenba_batch_outputs\klenba_5.out,..\klenba_batch_outputs\klenba_5_interaction.png,..\klenba_batch_outputs\klenba_5_arch.png
klenba_5.in,OK,,12,157.418896,0.04871,0.14,-3.3514482958400005,3.3514482958400005,0.5617597450958552,88.43159889023094,1.8827087403730172,..\klenba_batch_outputs\klenba_5.txt,..\klenba_batch_outputs\klenba_5.out,..\klenba_batch_outputs\klenba_5_interaction.png,..\klenba_batch_outputs\klenba_5_arch.png
klenba_5.in,OK,,13,157.562591,0.050937,0.14,-3.0036156722330003,3.0036156722330003,0.5617597450958552,88.5123209568025,1.6873103743995261,..\klenba_batch_outputs\klenba_5.txt,..\klenba_batch_outputs\klenba_5.out,..\klenba_batch_outputs\klenba_5_interaction.png,..\klenba_batch_outputs\klenba_5_arch.png
klenba_5.in,OK,,14,157.877771,0.053956,0.14,-2.5329909579240013,2.5329909579240013,0.5617597450958552,88.68937639326181,1.4229323548534931,..\klenba_batch_outputs\klenba_5.txt,..\klenba_batch_outputs\klenba_5.out,..\klenba_batch_outputs\klenba_5_interaction.png,..\klenba_batch_outputs\klenba_5_arch.png
klenba_5.in,OK,,15,158.365118,0.057749,0.14,-1.9401310606180007,1.9401310606180007,0.5617597450958552,88.96314831975504,1.0898875300653192,..\klenba_batch_outputs\klenba_5.txt,..\klenba_batch_outputs\klenba_5.out,..\klenba_batch_outputs\klenba_5_interaction.png,..\klenba_batch_outputs\klenba_5_arch.png
klenba_5.in,OK,,16,159.025832,0.062291,0.14,-1.2259301388880013,1.2259301388880013,0.5617597450958552,89.33431084797631,0.68867820232705,..\klenba_batch_outputs\klenba_5.txt,..\klenba_batch_outputs\klenba_5.out,..\klenba_batch_outputs\klenba_5_interaction.png,..\klenba_batch_outputs\klenba_5_arch.png
klenba_5.in,OK,,17,159.861512,0.067553,0.14,-0.3911811198640008,0.3911811198640008,0.5617597450958552,89.803762231758,0.21974980618111228,..\klenba_batch_outputs\klenba_5.txt,..\klenba_batch_outputs\klenba_5.out,..\klenba_batch_outputs\klenba_5_interaction.png,..\klenba_batch_outputs\klenba_5_arch.png
klenba_5.in,OK,,18,160.874093,0.073499,0.14,0.562898451406998,0.562898451406998,0.5617597450958552,90.3725894762069,0.31621369057724685,..\klenba_batch_outputs\klenba_5.txt,..\klenba_batch_outputs\klenba_5.out,..\klenba_batch_outputs\klenba_5_interaction.png,..\klenba_batch_outputs\klenba_5_arch.png
klenba_5.in,OK,,19,161.918397,0.080103,0.14,1.635861564890998,1.635861564890998,0.5617597450958552,90.9592374250495,0.9189611757052739,..\klenba_batch_outputs\klenba_5.txt,..\klenba_batch_outputs\klenba_5.out,..\klenba_batch_outputs\klenba_5_interaction.png,..\klenba_batch_outputs\klenba_5_arch.png
klenba_5.in,OK,,20,162.309287,0.085348,0.14,2.491122936875998,2.491122936875998,0.5617597450958552,91.17882369181002,1.3994125860218989,..\klenba_batch_outputs\klenba_5.txt,..\klenba_batch_outputs\klenba_5.out,..\klenba_batch_outputs\klenba_5_interaction.png,..\klenba_batch_outputs\klenba_5_arch.png
klenba_5.in,OK,,21,162.655456,0.087762,0.14,2.8890862094719996,2.8890862094719996,0.5617597450958552,91.3732875010101,1.622972332592941,..\klenba_batch_outputs\klenba_5.txt,..\klenba_batch_outputs\klenba_5.out,..\klenba_batch_outputs\klenba_5_interaction.png,..\klenba_batch_outputs\klenba_5_arch.png
klenba_5.in,OK,,22,162.965267,0.087418,0.14,2.8385290206059985,2.8385290206059985,0.5617597450958552,91.54732684939799,1.5945713390628133,..\klenba_batch_outputs\klenba_5.txt,..\klenba_batch_outputs\klenba_5.out,..\klenba_batch_outputs\klenba_5_interaction.png,..\klenba_batch_outputs\klenba_5_arch.png
klenba_5.in,OK,,23,163.247765,0.08439,0.14,2.34913533835,2.34913533835,0.5617597450958552,91.70602285386808,1.3196496688671617,..\klenba_batch_outputs\klenba_5.txt,..\klenba_batch_outputs\klenba_5.out,..\klenba_batch_outputs\klenba_5_interaction.png,..\klenba_batch_outputs\klenba_5_arch.png
klenba_5.in,OK,,24,163.512547,0.078755,0.14,1.431552348985,1.431552348985,0.5617597450958552,91.85476672269405,0.8041884826571863,..\klenba_batch_outputs\klenba_5.txt,..\klenba_batch_outputs\klenba_5.out,..\klenba_batch_outputs\klenba_5_interaction.png,..\klenba_batch_outputs\klenba_5_arch.png
